{"Description":"ITBuilding_21","BuildingID":21,"floors":[{"Description":"First Floor","FloorID":1,"origin":{"latlon":[0,0],"XYZ":[0,0]},"point":{"latlon":[0,0],"XYZ":[0,0]},"FloorMap":"IT1stFloor.jpg","Height":910,"Width":2297,"rect":[60.904978962131821,70.518934081346174,1903.9649368863954,687.8113604488077],"xdelta":20.254946137089313,"ydelta":19.651753155680222},{"Description":"Second Floor","FloorID":2,"origin":{"latlon":[0,0],"XYZ":[0,0]},"point":{"latlon":[0,0],"XYZ":[0,0]},"FloorMap":"IT2ndFloor.jpg","Height":824,"Width":2159,"rect":[89.899368863955118,59.2433380084151,1955.5105189340811,723.2489481065918],"xdelta":21.255549118848709,"ydelta":21.272027885487994},{"Description":"Third Floor","FloorID":3,"origin":{"latlon":[0,0],"XYZ":[0,0]},"point":{"latlon":[0,0],"XYZ":[0,0]},"FloorMap":"IT3rdFloor.jpg","Height":537,"Width":1316,"rect":[26.949929478138223,26.774330042313011,1234.3300423131172,453.82510578279283],"xdelta":13.416630894707795,"ydelta":13.347797228905671}]}